<?xml version="1.0" encoding="UTF-8"?>
<project-private xmlns="http://www.netbeans.org/ns/project-private/1">
    <editor-bookmarks xmlns="http://www.netbeans.org/ns/editor-bookmarks/2" lastBookmarkId="0"/>
    <open-files xmlns="http://www.netbeans.org/ns/projectui-open-files/2">
        <group>
            <file>file:/home/jazz/NetBeansProjects/TelePTSuitePro2000/src/obwody/ObwodPraduZmiennego.java</file>
            <file>file:/home/jazz/NetBeansProjects/TelePTSuitePro2000/src/mainPackage/Amplituda.java</file>
            <file>file:/home/jazz/NetBeansProjects/TelePTSuitePro2000/test/obwody/Temporary.java</file>
            <file>file:/home/jazz/NetBeansProjects/TelePTSuitePro2000/src/mainPackage/ApplicationMainGUI.java</file>
            <file>file:/home/jazz/NetBeansProjects/TelePTSuitePro2000/src/mainPackage/Round.java</file>
            <file>file:/home/jazz/NetBeansProjects/TelePTSuitePro2000/src/obwody/elementy/Rezystor.java</file>
            <file>file:/home/jazz/NetBeansProjects/TelePTSuitePro2000/src/obwody/elementy/Cewka.java</file>
            <file>file:/home/jazz/NetBeansProjects/TelePTSuitePro2000/src/mainPackage/MainApplicationClass.java</file>
            <file>file:/home/jazz/NetBeansProjects/TelePTSuitePro2000/src/obwody/ObwodPraduStalego.java</file>
            <file>file:/home/jazz/NetBeansProjects/TelePTSuitePro2000/src/obwody/elementy/Kondensator.java</file>
        </group>
    </open-files>
</project-private>
